{"stats":{"minecraft:custom":{"minecraft:jump":57,"minecraft:time_since_rest":7263,"minecraft:play_one_minute":7263,"minecraft:crouch_one_cm":117,"minecraft:damage_taken":35,"minecraft:leave_game":3,"minecraft:sprint_one_cm":10629,"minecraft:time_since_death":7263,"minecraft:walk_on_water_one_cm":570,"minecraft:walk_one_cm":6899,"minecraft:sneak_time":306,"minecraft:fly_one_cm":29271,"minecraft:fall_one_cm":1505},"minecraft:picked_up":{"ars_nouveau:worn_notebook":1},"minecraft:used":{"minecraft:diorite":12}},"DataVersion":2586}